ID,support_info,support_after_info,government_consideration,fairness,policy_helpfulness,waste_severity,recycling_effort,age_group,monthly_income,education,education_label
1,1,1,1,1,1,3,1,29.5,22500.5,4,Master or above
2,5,5,5,5,4,2,2,39.5,7500.0,4,Master or above
3,3,5,4,5,2,3,1,29.5,22500.5,4,Master or above
4,1,2,1,2,2,3,2,29.5,60000.5,4,Master or above
5,1,3,3,4,1,3,2,49.5,22500.5,2,Secondary
6,4,4,4,4,2,2,2,21.0,22500.5,4,Master or above
7,4,4,3,2,2,2,2,21.0,40000.5,4,Master or above
8,3,3,2,3,2,2,3,29.5,85000.0,4,Master or above
9,2,2,2,4,2,2,2,29.5,22500.5,4,Master or above
10,1,1,1,1,3,2,2,29.5,7500.0,4,Master or above
11,2,4,2,3,3,2,2,29.5,7500.0,4,Master or above
12,4,4,4,4,3,3,2,21.0,7500.0,4,Master or above
13,3,4,4,3,3,3,2,21.0,40000.5,3,Diploma or Bachelor
14,3,4,3,4,3,3,3,21.0,22500.5,4,Master or above
15,3,3,3,3,3,3,2,39.5,40000.5,2,Secondary
16,1,1,2,1,2,3,3,39.5,85000.0,4,Master or above
17,1,1,1,1,1,2,2,39.5,60000.5,4,Master or above
18,1,1,1,1,1,1,3,29.5,22500.5,4,Master or above
19,4,4,3,4,3,3,1,21.0,22500.5,4,Master or above
20,2,3,2,4,3,4,3,39.5,85000.0,4,Master or above
21,3,3,3,2,4,3,2,39.5,85000.0,4,Master or above
22,4,4,3,3,3,3,2,29.5,22500.5,4,Master or above
23,4,4,3,3,1,3,2,29.5,60000.5,4,Master or above
24,2,2,2,2,2,3,3,39.5,60000.5,4,Master or above
25,4,3,3,3,3,3,2,29.5,85000.0,4,Master or above
26,4,5,3,4,4,3,3,49.5,40000.5,4,Master or above
27,1,2,1,1,1,3,4,39.5,40000.5,4,Master or above
28,4,4,2,4,3,3,2,39.5,85000.0,4,Master or above
29,2,2,1,2,1,3,3,39.5,60000.5,4,Master or above
30,5,2,2,3,4,3,1,21.0,40000.5,4,Master or above
31,3,4,2,4,3,3,2,21.0,60000.5,3,Diploma or Bachelor
32,2,3,2,2,2,3,2,21.0,40000.5,3,Diploma or Bachelor
33,4,4,4,2,2,2,2,21.0,7500.0,4,Master or above
34,4,3,3,3,3,3,2,29.5,40000.5,4,Master or above
35,4,4,2,3,3,3,3,29.5,60000.5,3,Diploma or Bachelor
36,3,4,4,3,3,3,3,29.5,60000.5,4,Master or above
37,4,4,2,4,3,3,3,29.5,40000.5,3,Diploma or Bachelor
38,4,4,4,4,3,3,3,29.5,40000.5,3,Diploma or Bachelor
39,4,4,4,4,3,2,1,21.0,40000.5,4,Master or above
40,4,4,4,4,3,3,2,21.0,40000.5,3,Diploma or Bachelor
41,3,3,3,3,3,3,2,21.0,22500.5,3,Diploma or Bachelor
42,4,4,3,4,3,3,2,39.5,60000.5,3,Diploma or Bachelor
43,5,4,2,4,3,3,3,39.5,40000.5,4,Master or above
44,2,2,1,3,2,3,3,39.5,60000.5,3,Diploma or Bachelor
45,5,5,3,5,3,4,2,39.5,40000.5,4,Master or above
46,1,1,1,2,1,2,2,29.5,22500.5,4,Master or above
47,2,3,1,2,2,2,2,29.5,22500.5,4,Master or above
48,3,4,3,4,2,2,2,39.5,60000.5,3,Diploma or Bachelor
49,1,1,1,1,1,2,3,39.5,40000.5,3,Diploma or Bachelor
50,2,2,2,1,3,2,2,21.0,60000.5,4,Master or above
51,3,4,3,4,3,3,2,39.5,60000.5,4,Master or above
52,2,3,3,2,3,3,2,21.0,22500.5,4,Master or above
53,4,4,4,4,3,2,2,21.0,22500.5,4,Master or above
54,4,4,4,4,3,2,2,21.0,22500.5,4,Master or above
55,3,3,3,4,3,3,2,49.5,40000.5,2,Secondary
56,1,1,1,1,1,4,3,39.5,85000.0,4,Master or above
57,1,2,1,1,2,3,3,49.5,60000.5,2,Secondary
58,1,1,1,1,2,2,4,49.5,60000.5,4,Master or above
59,1,2,1,2,2,2,2,59.5,60000.5,3,Diploma or Bachelor
60,2,4,1,2,1,3,2,49.5,85000.0,3,Diploma or Bachelor
61,3,3,2,3,2,3,2,49.5,85000.0,2,Secondary
62,4,4,3,4,3,2,2,49.5,60000.5,4,Master or above
63,4,4,3,4,2,3,2,49.5,85000.0,4,Master or above
64,2,3,2,3,2,2,2,49.5,40000.5,3,Diploma or Bachelor
65,3,3,2,2,1,3,1,39.5,85000.0,4,Master or above
66,1,2,2,3,3,3,2,59.5,85000.0,2,Secondary
67,2,2,2,3,2,2,2,21.0,22500.5,4,Master or above
68,3,3,3,3,3,3,2,59.5,40000.5,3,Diploma or Bachelor
69,4,4,5,4,3,2,3,49.5,7500.0,4,Master or above
70,5,3,3,4,1,3,2,39.5,22500.5,3,Diploma or Bachelor
71,2,3,2,2,3,3,1,29.5,40000.5,4,Master or above
72,2,3,3,3,4,3,2,59.5,85000.0,4,Master or above
73,4,4,4,4,4,3,4,49.5,85000.0,3,Diploma or Bachelor
74,3,4,2,3,2,2,2,49.5,85000.0,3,Diploma or Bachelor
75,3,3,3,4,2,2,2,49.5,40000.5,3,Diploma or Bachelor
76,2,3,3,3,2,3,3,39.5,85000.0,3,Diploma or Bachelor
77,3,3,2,2,3,2,1,29.5,40000.5,4,Master or above
78,3,4,3,4,2,3,1,49.5,85000.0,3,Diploma or Bachelor
79,3,3,3,4,3,3,1,49.5,85000.0,3,Diploma or Bachelor
80,5,4,4,4,3,3,2,29.5,40000.5,4,Master or above
81,3,3,3,3,4,3,2,49.5,60000.5,4,Master or above
82,3,3,3,4,3,3,2,49.5,40000.5,3,Diploma or Bachelor
83,2,3,1,2,2,3,2,59.5,22500.5,1,Primary or below
84,3,4,3,3,3,3,3,39.5,60000.5,3,Diploma or Bachelor
85,2,2,1,1,1,2,1,70.0,7500.0,1,Primary or below
86,1,3,2,4,1,2,2,39.5,40000.5,2,Secondary
87,1,2,1,1,1,3,2,39.5,60000.5,3,Diploma or Bachelor
88,4,4,3,4,3,4,3,29.5,60000.5,4,Master or above
89,5,4,3,4,2,3,2,49.5,40000.5,3,Diploma or Bachelor
90,2,2,2,2,2,3,2,59.5,22500.5,3,Diploma or Bachelor
91,5,5,4,5,3,4,1,39.5,85000.0,4,Master or above
92,4,4,4,4,3,2,2,49.5,40000.5,3,Diploma or Bachelor
93,4,4,3,3,4,3,3,29.5,60000.5,3,Diploma or Bachelor
94,1,2,1,2,2,3,3,49.5,40000.5,3,Diploma or Bachelor
95,1,1,1,1,2,2,3,49.5,40000.5,3,Diploma or Bachelor
96,1,1,1,1,1,1,4,39.5,60000.5,3,Diploma or Bachelor
97,4,4,4,3,2,3,3,21.0,60000.5,4,Master or above
